NÃO OTIMIZADO; OTIMIZADO
0.000046; 0.000047
0.000140; 0.000143
0.000214; 0.000219
0.000270; 0.000273
0.000416; 0.000420
0.000529; 0.000535
0.000833; 0.000834
0.001039; 0.001039
0.001051; 0.001056
0.001237; 0.001233
0.001635; 0.001650
0.002092; 0.002103
0.002461; 0.002475
0.004073; 0.004108
0.004174; 0.004199
0.008124; 0.008153
0.008318; 0.008373
0.012172; 0.012302
0.016618; 0.016670
